condition,freq_hz,freq_ghz,q,residual_prominence_db,raw_peak_db,baseline_db,bandwidth_hz,rank_source,propagation_background,suggested_span_mhz
p1_fpc_p2_center,2702350000,2.702350000,9578.706331,12.801880,-44.337923,-57.515312,282120.560610,q_ranked,true,1.000000
p1_fpc_p2_center,2711750000,2.711750000,10475.179208,12.696908,-49.520129,-58.045827,258873.852763,q_ranked,true,1.000000
p1_fpc_p2_center,2760675000,2.760675000,7061.906528,24.169989,-38.996813,-47.562990,390924.885395,residual_ranked,true,1.172775
p1_fpc_p2_center,2765800000,2.765800000,10615.512664,14.311945,-38.950837,-46.739192,260543.233994,q_ranked,true,1.000000
p1_fpc_p2_center,2769300000,2.769300000,9785.853226,11.564568,-53.127905,-45.603596,282990.142606,q_ranked,true,1.000000
p1_fpc_p2_center,2773200000,2.773200000,8890.133283,19.325664,-50.048192,-44.702213,311941.329987,residual_ranked,true,1.000000
p1_fpc_p2_center,2781550000,2.781550000,9744.186032,11.618809,-38.547927,-41.855202,285457.398996,q_ranked,true,1.000000
p1_fpc_p2_center,2790850000,2.790850000,8290.071248,26.044172,-21.217754,-37.147333,336649.700166,residual_ranked,true,1.009949
p1_fpc_p2_center,2795025000,2.795025000,8243.792225,20.837777,-12.031635,-35.597285,339046.026828,residual_ranked,true,1.017138
p1_fpc_p2_center,2824325000,2.824325000,8055.073726,26.655539,-21.135862,-33.423011,350626.834208,residual_ranked,true,1.051881
p1_fpc_p2_center,2834625000,2.834625000,11982.334454,6.072378,-38.932068,-35.236948,236567.007117,q_ranked,true,1.000000
p1_fpc_p2_center,2873425000,2.873425000,10875.922733,18.942428,-34.388935,-39.157152,264200.571347,residual_ranked+q_ranked,true,1.000000
p1_fpc_p2_center,2906350000,2.906350000,8288.938797,26.388272,-34.311716,-43.457644,350629.926373,residual_ranked,true,1.051890
p1_fpc_p2_center,2921425000,2.921425000,9339.324055,19.012508,-44.829588,-52.108511,312809.040873,residual_ranked,true,1.000000
p1_fpc_p2_center,2968325000,2.968325000,11531.506257,13.859268,-38.675558,-45.038838,257409.997771,q_ranked,true,1.000000
p1_fpc_p2_offset,1032350000,1.032350000,11411.393091,8.743199,-98.017666,-96.330449,90466.605766,q_ranked,false,1.000000
p1_fpc_p2_offset,1222575000,1.222575000,10476.017498,6.227672,-100.891473,-97.728828,116702.267850,q_ranked,false,1.000000
p1_fpc_p2_offset,2760675000,2.760675000,7151.157210,23.155842,-40.532994,-47.857736,386045.911027,residual_ranked,true,1.158138
p1_fpc_p2_offset,2765800000,2.765800000,10515.254857,12.098338,-39.599680,-46.933550,263027.386179,q_ranked,true,1.000000
p1_fpc_p2_offset,2769300000,2.769300000,10055.775705,16.585619,-51.325621,-46.113838,275393.970712,residual_ranked+q_ranked,true,1.000000
p1_fpc_p2_offset,2770500000,2.770500000,8668.782554,21.101724,-47.391224,-45.739754,319595.050714,residual_ranked,true,1.000000
p1_fpc_p2_offset,2781550000,2.781550000,9761.410528,12.213810,-37.280487,-41.490499,284953.695160,q_ranked,true,1.000000
p1_fpc_p2_offset,2790850000,2.790850000,8335.371820,26.890648,-21.383003,-36.708634,334820.096847,residual_ranked,true,1.004460
p1_fpc_p2_offset,2795000000,2.795000000,8552.262903,21.356285,-13.060914,-34.852205,326814.087893,residual_ranked,true,1.000000
p1_fpc_p2_offset,2824325000,2.824325000,7899.521173,28.483290,-22.782739,-34.271741,357531.164010,residual_ranked,true,1.072593
p1_fpc_p2_offset,2834625000,2.834625000,11856.469521,6.331172,-42.154264,-37.975852,239078.335674,q_ranked,true,1.000000
p1_fpc_p2_offset,2873425000,2.873425000,10962.563092,19.349179,-36.472399,-41.412301,262112.516561,residual_ranked+q_ranked,true,1.000000
p1_fpc_p2_offset,2906350000,2.906350000,8245.478574,24.443151,-37.901733,-45.246079,352478.024628,residual_ranked,true,1.057434
p1_fpc_p2_offset,2968350000,2.968350000,11581.991167,11.991954,-40.309005,-45.150572,256290.128113,q_ranked,true,1.000000
p1_fpc_p2_pickup,2675100000,2.675100000,7896.321570,24.727369,-35.748889,-50.408600,338777.996345,residual_ranked,true,1.016334
p1_fpc_p2_pickup,2702350000,2.702350000,9593.216907,24.285513,-37.805703,-50.295373,281693.828679,residual_ranked,true,1.000000
p1_fpc_p2_pickup,2710625000,2.710625000,11246.615870,18.039360,-47.581671,-52.072158,241016.945120,residual_ranked+q_ranked,true,1.000000
p1_fpc_p2_pickup,2712100000,2.712100000,12610.110649,17.187727,-47.916471,-51.720576,215073.449828,residual_ranked+q_ranked,true,1.000000
p1_fpc_p2_pickup,2781500000,2.781500000,10342.359112,19.664304,-40.962835,-52.151043,268942.508166,residual_ranked+q_ranked,true,1.000000
p1_fpc_p2_pickup,2794975000,2.794975000,8406.479565,24.465826,-30.007787,-52.106072,332478.652745,residual_ranked,true,1.000000
p1_fpc_p2_pickup,2864075000,2.864075000,9753.007437,15.679259,-38.940768,-53.928517,293660.700932,q_ranked,true,1.000000
p1_fpc_p2_pickup,2873450000,2.873450000,11181.875128,17.543081,-54.016211,-54.849724,256973.894550,residual_ranked+q_ranked,true,1.000000
p1_fpc_p2_pickup,2880375000,2.880375000,9686.090265,19.297150,-44.406414,-53.579037,297372.306190,q_ranked,true,1.000000
p1_fpc_p2_pickup,2921425000,2.921425000,10152.473825,21.964426,-42.733787,-54.602723,287754.989597,residual_ranked+q_ranked,true,1.000000
p1_fpc_p2_pickup,2997325000,2.997325000,10063.589197,10.490585,-62.261248,-50.748581,297838.568449,q_ranked,true,1.000000
p1p2_center,861548650,0.861548650,9385.313403,7.454227,-93.758551,-100.817568,91797.536534,q_ranked,false,1.000000
p1p2_center,866057650,0.866057650,9113.136342,8.588271,-100.192786,-100.781140,95033.983636,residual_ranked,false,1.000000
p1p2_center,1044425000,1.044425000,9310.030307,8.297253,-94.670930,-99.885141,112182.771222,residual_ranked+q_ranked,false,1.000000
p1p2_center,1500200000,1.500200000,18650.411616,7.638643,-94.287482,-99.935832,80437.902972,residual_ranked+q_ranked,false,1.000000
p1p2_center,1502800000,1.502800000,10707.378422,7.316304,-107.145299,-99.965537,140351.815424,residual_ranked+q_ranked,false,1.000000
p1p2_center,1503950000,1.503950000,10451.796197,7.307539,-96.459031,-99.965537,143893.927092,residual_ranked+q_ranked,false,1.000000
p1p2_center,1545825000,1.545825000,11109.795187,7.743985,-93.646571,-99.661282,139140.728878,residual_ranked+q_ranked,false,1.000000
p1p2_center,1567175000,1.567175000,13874.229750,7.605125,-93.894066,-99.024272,112955.820121,residual_ranked+q_ranked,false,1.000000
p1p2_center,1605775000,1.605775000,6244.515896,16.577166,-82.892168,-96.484506,257149.637675,residual_ranked,false,1.000000
p1p2_center,1816900000,1.816900000,9401.363381,6.862471,-91.033482,-95.866218,193259.203615,q_ranked,false,1.000000
p1p2_offset,1485975000,1.485975000,10478.559705,9.670673,-97.326071,-98.602380,141810.997112,residual_ranked+q_ranked,false,1.000000
p1p2_offset,1540175000,1.540175000,14352.853326,7.689232,-95.252900,-99.552117,107307.931391,residual_ranked+q_ranked,false,1.000000
p1p2_offset,1549925000,1.549925000,8557.419507,8.888983,-95.722171,-99.753822,181120.605191,residual_ranked,false,1.000000
p1p2_offset,1571175000,1.571175000,11632.492805,6.223017,-97.802112,-99.783213,135067.781805,q_ranked,false,1.000000
p1p2_offset,1620950000,1.620950000,10303.395412,6.271798,-100.948849,-98.905984,157321.924976,q_ranked,false,1.000000
p1p2_offset,1630625000,1.630625000,14890.602904,6.737627,-99.044596,-99.283516,109506.983060,residual_ranked+q_ranked,false,1.000000
p1p2_offset,1644525000,1.644525000,8657.010059,10.121668,-97.395790,-98.937006,189964.547665,residual_ranked,false,1.000000
p1p2_offset,1817325000,1.817325000,13753.857168,7.530574,-95.743966,-98.618043,132132.025059,residual_ranked+q_ranked,false,1.000000
p1p2_offset,1821750000,1.821750000,16459.976377,7.061403,-100.774017,-98.531493,110677.558602,residual_ranked+q_ranked,false,1.000000
p1p2_offset,1834525000,1.834525000,11356.300788,6.998686,-93.638157,-97.253207,161542.480618,residual_ranked+q_ranked,false,1.000000
